sequence_id,target
1,bathroom
1,bathroom
1,bathroom
1,bathroom
1,bathroom
1,bathroom
1,bathroom
1,bathroom
1,bathroom
1,bathroom
1,bathroom
1,bathroom
1,bathroom
1,bathroom
1,bathroom
1,bathroom
1,bathroom
1,bathroom
1,bathroom
1,bathroom
1,bathroom
1,bathroom
1,bathroom
1,bathroom
1,bathroom
1,bathroom
1,bathroom
1,bathroom
1,bathroom
1,bathroom
1,bathroom
1,bathroom
1,bathroom
1,bathroom
1,bathroom
1,bathroom
1,bathroom
2,bathroom
2,bathroom
2,bathroom
2,bathroom
2,bathroom
2,bathroom
2,bathroom
2,bathroom
2,bathroom
2,bathroom
2,bathroom
2,bathroom
2,bathroom
2,bathroom
2,bathroom
2,bathroom
2,bathroom
2,bathroom
2,bathroom
2,bathroom
2,bathroom
2,bathroom
2,bathroom
2,bathroom
2,bathroom
2,bathroom
2,bathroom
2,bathroom
2,bathroom
2,bathroom
2,bathroom
3,bathroom
3,bathroom
3,bathroom
3,bathroom
3,bathroom
3,bathroom
3,bathroom
3,bathroom
3,bathroom
3,bathroom
3,bathroom
3,bathroom
3,bathroom
3,bathroom
3,bathroom
3,bathroom
3,bathroom
3,bathroom
3,bathroom
3,bathroom
3,bathroom
3,bathroom
3,bathroom
3,bathroom
3,bathroom
3,bathroom
4,bathroom
4,bathroom
4,bathroom
4,bathroom
4,bathroom
4,bathroom
4,bathroom
4,bathroom
4,bathroom
4,bathroom
4,bathroom
4,bathroom
4,bathroom
4,bathroom
4,bathroom
4,bathroom
4,bathroom
4,bathroom
4,bathroom
4,bathroom
4,bathroom
4,bathroom
4,bathroom
4,bathroom
5,bathroom
5,bathroom
5,bathroom
5,bathroom
5,bathroom
5,bathroom
5,bathroom
5,bathroom
5,bathroom
5,bathroom
5,bathroom
5,bathroom
5,bathroom
5,bathroom
5,bathroom
5,bathroom
6,bathroom
6,bathroom
6,bathroom
6,bathroom
6,bathroom
6,bathroom
6,bathroom
6,bathroom
6,bathroom
6,bathroom
6,bathroom
6,bathroom
6,bathroom
6,bathroom
6,bathroom
6,bathroom
6,bathroom
6,bathroom
6,bathroom
6,bathroom
6,bathroom
6,bathroom
6,bathroom
6,bathroom
6,bathroom
6,bathroom
6,bathroom
6,bathroom
7,bathroom
7,bathroom
7,bathroom
7,bathroom
7,bathroom
7,bathroom
8,bathroom
8,bathroom
8,bathroom
8,bathroom
8,bathroom
8,bathroom
8,bathroom
8,bathroom
8,bathroom
8,bathroom
8,bathroom
8,bathroom
8,bathroom
8,bathroom
8,bathroom
8,bathroom
8,bathroom
8,bathroom
8,bathroom
8,bathroom
8,bathroom
8,bathroom
8,bathroom
8,bathroom
8,bathroom
8,bathroom
9,bathroom
9,bathroom
9,bathroom
9,bathroom
9,bathroom
9,bathroom
9,bathroom
9,bathroom
9,bathroom
9,bathroom
9,bathroom
9,bathroom
9,bathroom
9,bathroom
9,bathroom
9,bathroom
9,bathroom
9,bathroom
9,bathroom
9,bathroom
12,bathroom
12,bathroom
12,bathroom
12,bathroom
12,bathroom
12,bathroom
12,bathroom
12,bathroom
12,bathroom
12,bathroom
12,bathroom
12,bathroom
12,bathroom
12,bathroom
12,bathroom
12,bathroom
12,bathroom
12,bathroom
12,bathroom
12,bathroom
12,bathroom
12,bathroom
12,bathroom
12,bathroom
12,bathroom
12,bathroom
12,bathroom
12,bathroom
12,bathroom
12,bathroom
12,bathroom
13,bathroom
13,bathroom
13,bathroom
13,bathroom
13,bathroom
13,bathroom
13,bathroom
13,bathroom
13,bathroom
13,bathroom
13,bathroom
13,bathroom
13,bathroom
13,bathroom
13,bathroom
13,bathroom
13,bathroom
13,bathroom
13,bathroom
13,bathroom
13,bathroom
13,bathroom
13,bathroom
13,bathroom
13,bathroom
13,bathroom
13,bathroom
13,bathroom
13,bathroom
13,bathroom
13,bathroom
13,bathroom
13,bathroom
13,bathroom
13,bathroom
13,bathroom
14,bathroom
14,bathroom
14,bathroom
14,bathroom
14,bathroom
14,bathroom
14,bathroom
14,bathroom
14,bathroom
14,bathroom
14,bathroom
14,bathroom
14,bathroom
14,bathroom
14,bathroom
14,bathroom
14,bathroom
14,bathroom
14,bathroom
14,bathroom
14,bathroom
14,bathroom
14,bathroom
15,bathroom
15,bathroom
15,bathroom
15,bathroom
15,bathroom
15,bathroom
15,bathroom
15,bathroom
15,bathroom
15,bathroom
15,bathroom
15,bathroom
15,bathroom
15,bathroom
15,bathroom
15,bathroom
15,bathroom
15,bathroom
15,bathroom
15,bathroom
15,bathroom
15,bathroom
15,bathroom
15,bathroom
15,bathroom
15,bathroom
15,bathroom
15,bathroom
15,bathroom
15,bathroom
15,bathroom
15,bathroom
15,bathroom
15,bathroom
15,bathroom
15,bathroom
15,bathroom
15,bathroom
15,bathroom
15,bathroom
16,bathroom
16,bathroom
16,bathroom
16,bathroom
16,bathroom
16,bathroom
16,bathroom
16,bathroom
16,bathroom
16,bathroom
16,bathroom
17,bathroom
17,bathroom
17,bathroom
17,bathroom
17,bathroom
17,bathroom
17,bathroom
17,bathroom
17,bathroom
17,bathroom
17,bathroom
17,bathroom
17,bathroom
17,bathroom
17,bathroom
17,bathroom
17,bathroom
17,bathroom
17,bathroom
18,cat
18,cat
18,cat
18,cat
18,cat
18,cat
18,cat
18,cat
18,cat
18,cat
18,cat
18,cat
18,cat
18,cat
18,cat
18,cat
18,cat
18,cat
18,cat
18,cat
19,cat
19,cat
19,cat
19,cat
19,cat
19,cat
19,cat
19,cat
19,cat
20,cat
20,cat
20,cat
20,cat
20,cat
20,cat
20,cat
21,cat
21,cat
21,cat
21,cat
21,cat
21,cat
21,cat
21,cat
21,cat
21,cat
21,cat
21,cat
21,cat
21,cat
21,cat
21,cat
21,cat
21,cat
21,cat
22,cat
22,cat
22,cat
22,cat
22,cat
22,cat
22,cat
23,cat
23,cat
23,cat
23,cat
23,cat
23,cat
23,cat
23,cat
23,cat
23,cat
23,cat
23,cat
23,cat
23,cat
23,cat
23,cat
23,cat
24,cat
24,cat
24,cat
24,cat
24,cat
24,cat
24,cat
24,cat
24,cat
24,cat
24,cat
24,cat
26,cat
26,cat
26,cat
26,cat
26,cat
26,cat
26,cat
26,cat
26,cat
26,cat
26,cat
26,cat
26,cat
26,cat
26,cat
26,cat
26,cat
26,cat
26,cat
26,cat
26,cat
26,cat
26,cat
26,cat
26,cat
26,cat
26,cat
28,cat
28,cat
28,cat
28,cat
28,cat
28,cat
28,cat
28,cat
28,cat
28,cat
28,cat
28,cat
28,cat
28,cat
28,cat
28,cat
28,cat
28,cat
28,cat
28,cat
28,cat
28,cat
28,cat
28,cat
28,cat
28,cat
28,cat
28,cat
28,cat
28,cat
28,cat
28,cat
28,cat
28,cat
29,cat
29,cat
29,cat
29,cat
29,cat
29,cat
29,cat
29,cat
29,cat
29,cat
29,cat
29,cat
29,cat
29,cat
29,cat
29,cat
29,cat
29,cat
29,cat
29,cat
29,cat
29,cat
29,cat
29,cat
30,dog
30,dog
30,dog
30,dog
30,dog
30,dog
30,dog
30,dog
30,dog
30,dog
30,dog
30,dog
30,dog
30,dog
30,dog
30,dog
30,dog
30,dog
30,dog
30,dog
30,dog
30,dog
30,dog
31,dog
31,dog
35,dog
38,dog
38,dog
38,dog
38,dog
38,dog
38,dog
38,dog
38,dog
38,dog
38,dog
38,dog
38,dog
38,dog
38,dog
38,dog
38,dog
38,dog
38,dog
38,dog
39,dog
39,dog
39,dog
39,dog
39,dog
39,dog
39,dog
39,dog
39,dog
39,dog
39,dog
39,dog
39,dog
39,dog
39,dog
39,dog
40,dog
40,dog
40,dog
40,dog
40,dog
40,dog
40,dog
40,dog
40,dog
40,dog
40,dog
40,dog
40,dog
40,dog
40,dog
40,dog
40,dog
40,dog
42,eat food
42,eat food
42,eat food
42,eat food
42,eat food
42,eat food
42,eat food
42,eat food
42,eat food
42,eat food
42,eat food
42,eat food
42,eat food
42,eat food
42,eat food
42,eat food
43,eat food
43,eat food
43,eat food
43,eat food
43,eat food
43,eat food
43,eat food
44,eat food
44,eat food
44,eat food
44,eat food
44,eat food
44,eat food
44,eat food
44,eat food
44,eat food
44,eat food
46,eat food
46,eat food
46,eat food
46,eat food
46,eat food
46,eat food
46,eat food
46,eat food
46,eat food
46,eat food
46,eat food
46,eat food
47,eat food
47,eat food
47,eat food
47,eat food
47,eat food
47,eat food
47,eat food
47,eat food
48,eat food
48,eat food
48,eat food
48,eat food
48,eat food
49,eat food
49,eat food
49,eat food
49,eat food
49,eat food
49,eat food
49,eat food
50,eat food
50,eat food
51,eat food
52,eat food
52,eat food
52,eat food
52,eat food
52,eat food
52,eat food
52,eat food
52,eat food
52,eat food
52,eat food
52,eat food
52,eat food
52,eat food
52,eat food
52,eat food
52,eat food
52,eat food
52,eat food
52,eat food
52,eat food
52,eat food
52,eat food
53,eat food
53,eat food
53,eat food
53,eat food
53,eat food
53,eat food
53,eat food
53,eat food
53,eat food
53,eat food
53,eat food
53,eat food
53,eat food
53,eat food
53,eat food
53,eat food
54,eat food
54,eat food
54,eat food
54,eat food
54,eat food
54,eat food
54,eat food
54,eat food
54,eat food
54,eat food
54,eat food
54,eat food
54,eat food
54,eat food
54,eat food
54,eat food
55,eat food
56,father
56,father
56,father
56,father
56,father
56,father
56,father
56,father
56,father
56,father
56,father
56,father
56,father
56,father
56,father
56,father
56,father
56,father
56,father
56,father
56,father
56,father
56,father
56,father
56,father
56,father
56,father
56,father
56,father
56,father
56,father
56,father
56,father
56,father
56,father
56,father
56,father
56,father
56,father
56,father
56,father
56,father
56,father
56,father
57,father
57,father
57,father
57,father
57,father
57,father
57,father
57,father
57,father
57,father
57,father
57,father
57,father
57,father
57,father
57,father
57,father
57,father
57,father
58,father
58,father
58,father
58,father
58,father
58,father
58,father
58,father
58,father
58,father
58,father
58,father
58,father
58,father
58,father
58,father
58,father
58,father
58,father
58,father
59,father
59,father
59,father
59,father
59,father
59,father
59,father
59,father
59,father
59,father
59,father
59,father
59,father
59,father
59,father
59,father
60,father
60,father
60,father
60,father
60,father
60,father
60,father
60,father
60,father
60,father
61,father
61,father
61,father
61,father
61,father
61,father
61,father
61,father
61,father
61,father
62,father
62,father
62,father
62,father
62,father
62,father
62,father
62,father
62,father
62,father
62,father
62,father
62,father
62,father
62,father
62,father
62,father
62,father
62,father
62,father
62,father
62,father
62,father
62,father
62,father
62,father
62,father
62,father
62,father
62,father
62,father
62,father
63,father
63,father
63,father
63,father
63,father
63,father
63,father
63,father
63,father
63,father
63,father
63,father
63,father
63,father
63,father
63,father
63,father
63,father
64,father
64,father
64,father
64,father
64,father
64,father
64,father
66,father
66,father
66,father
66,father
66,father
66,father
66,father
66,father
66,father
66,father
66,father
66,father
66,father
66,father
66,father
66,father
66,father
66,father
66,father
66,father
67,father
68,father
68,father
68,father
68,father
69,father
69,father
69,father
69,father
69,father
69,father
69,father
69,father
69,father
69,father
69,father
69,father
69,father
69,father
69,father
69,father
69,father
69,father
69,father
69,father
69,father
69,father
69,father
69,father
69,father
69,father
69,father
69,father
69,father
69,father
69,father
69,father
69,father
69,father
70,father
70,father
70,father
70,father
70,father
70,father
70,father
70,father
70,father
70,father
70,father
70,father
70,father
70,father
70,father
70,father
70,father
71,father
71,father
71,father
71,father
71,father
71,father
71,father
71,father
71,father
71,father
71,father
71,father
71,father
71,father
71,father
71,father
71,father
71,father
71,father
71,father
71,father
71,father
71,father
71,father
71,father
71,father
71,father
71,father
71,father
72,father
72,father
72,father
72,father
72,father
72,father
72,father
72,father
72,father
72,father
72,father
72,father
73,fine
73,fine
73,fine
73,fine
73,fine
73,fine
73,fine
73,fine
73,fine
73,fine
73,fine
73,fine
73,fine
73,fine
73,fine
73,fine
73,fine
73,fine
74,fine
74,fine
74,fine
74,fine
74,fine
74,fine
74,fine
74,fine
74,fine
74,fine
74,fine
74,fine
74,fine
74,fine
74,fine
76,fine
76,fine
76,fine
76,fine
76,fine
76,fine
76,fine
76,fine
76,fine
76,fine
76,fine
76,fine
76,fine
76,fine
76,fine
76,fine
77,fine
77,fine
77,fine
77,fine
77,fine
77,fine
77,fine
77,fine
77,fine
77,fine
77,fine
77,fine
77,fine
77,fine
77,fine
77,fine
77,fine
78,fine
78,fine
78,fine
78,fine
78,fine
78,fine
78,fine
78,fine
78,fine
78,fine
78,fine
78,fine
78,fine
78,fine
78,fine
78,fine
78,fine
78,fine
78,fine
78,fine
78,fine
78,fine
78,fine
78,fine
78,fine
78,fine
78,fine
78,fine
78,fine
78,fine
79,fine
79,fine
79,fine
79,fine
79,fine
79,fine
79,fine
79,fine
79,fine
79,fine
79,fine
80,fine
80,fine
80,fine
80,fine
80,fine
80,fine
80,fine
80,fine
80,fine
81,fine
81,fine
81,fine
81,fine
81,fine
81,fine
81,fine
81,fine
82,fine
82,fine
82,fine
82,fine
82,fine
82,fine
82,fine
82,fine
82,fine
82,fine
82,fine
82,fine
82,fine
82,fine
82,fine
82,fine
82,fine
82,fine
82,fine
82,fine
82,fine
82,fine
82,fine
82,fine
83,fine
83,fine
83,fine
83,fine
83,fine
83,fine
83,fine
83,fine
83,fine
83,fine
83,fine
83,fine
83,fine
83,fine
83,fine
83,fine
83,fine
83,fine
83,fine
83,fine
83,fine
83,fine
83,fine
83,fine
83,fine
83,fine
83,fine
83,fine
83,fine
83,fine
83,fine
83,fine
84,fine
84,fine
84,fine
84,fine
84,fine
84,fine
84,fine
84,fine
84,fine
84,fine
84,fine
84,fine
84,fine
84,fine
84,fine
84,fine
84,fine
84,fine
84,fine
84,fine
85,fine
85,fine
85,fine
85,fine
85,fine
85,fine
85,fine
85,fine
85,fine
85,fine
85,fine
85,fine
85,fine
85,fine
85,fine
85,fine
85,fine
85,fine
85,fine
85,fine
85,fine
85,fine
86,finish
86,finish
86,finish
86,finish
86,finish
86,finish
86,finish
86,finish
86,finish
86,finish
86,finish
86,finish
86,finish
86,finish
86,finish
86,finish
86,finish
86,finish
86,finish
86,finish
86,finish
86,finish
86,finish
87,finish
87,finish
87,finish
87,finish
87,finish
87,finish
87,finish
87,finish
87,finish
87,finish
87,finish
87,finish
87,finish
87,finish
87,finish
89,finish
89,finish
89,finish
89,finish
89,finish
89,finish
89,finish
89,finish
89,finish
89,finish
89,finish
89,finish
89,finish
89,finish
90,finish
90,finish
90,finish
90,finish
90,finish
90,finish
90,finish
90,finish
90,finish
90,finish
90,finish
90,finish
90,finish
91,finish
91,finish
91,finish
91,finish
91,finish
91,finish
91,finish
92,finish
92,finish
92,finish
92,finish
92,finish
92,finish
92,finish
92,finish
92,finish
92,finish
92,finish
92,finish
92,finish
92,finish
92,finish
92,finish
92,finish
92,finish
92,finish
92,finish
92,finish
92,finish
92,finish
92,finish
92,finish
92,finish
93,finish
93,finish
93,finish
93,finish
93,finish
94,finish
95,finish
95,finish
95,finish
96,finish
96,finish
96,finish
96,finish
96,finish
96,finish
97,finish
97,finish
97,finish
97,finish
97,finish
97,finish
97,finish
97,finish
98,finish
98,finish
98,finish
98,finish
98,finish
98,finish
98,finish
98,finish
99,finish
99,finish
99,finish
99,finish
99,finish
99,finish
99,finish
99,finish
99,finish
99,finish
100,finish
100,finish
100,finish
100,finish
100,finish
100,finish
100,finish
100,finish
100,finish
100,finish
100,finish
100,finish
100,finish
100,finish
100,finish
101,finish
101,finish
101,finish
101,finish
101,finish
101,finish
101,finish
101,finish
101,finish
101,finish
101,finish
101,finish
101,finish
101,finish
101,finish
101,finish
101,finish
101,finish
101,finish
101,finish
102,finish
102,finish
102,finish
102,finish
102,finish
102,finish
102,finish
102,finish
102,finish
102,finish
102,finish
102,finish
102,finish
102,finish
102,finish
102,finish
102,finish
102,finish
102,finish
102,finish
102,finish
102,finish
102,finish
102,finish
102,finish
103,finish
104,go to
104,go to
104,go to
104,go to
104,go to
104,go to
104,go to
104,go to
104,go to
104,go to
104,go to
104,go to
104,go to
104,go to
104,go to
104,go to
104,go to
104,go to
104,go to
104,go to
104,go to
104,go to
104,go to
104,go to
104,go to
104,go to
104,go to
104,go to
104,go to
104,go to
104,go to
104,go to
104,go to
106,go to
106,go to
106,go to
106,go to
106,go to
106,go to
106,go to
109,go to
111,go to
112,go to
112,go to
112,go to
112,go to
112,go to
112,go to
112,go to
112,go to
112,go to
112,go to
112,go to
112,go to
112,go to
112,go to
112,go to
112,go to
112,go to
112,go to
112,go to
112,go to
112,go to
112,go to
112,go to
112,go to
112,go to
112,go to
112,go to
112,go to
112,go to
112,go to
112,go to
112,go to
112,go to
112,go to
112,go to
112,go to
112,go to
112,go to
112,go to
112,go to
115,go to
117,go to
117,go to
117,go to
117,go to
117,go to
117,go to
117,go to
117,go to
117,go to
117,go to
117,go to
117,go to
117,go to
117,go to
117,go to
117,go to
117,go to
117,go to
117,go to
117,go to
117,go to
117,go to
117,go to
117,go to
117,go to
117,go to
117,go to
117,go to
117,go to
118,go to
118,go to
118,go to
118,go to
118,go to
118,go to
118,go to
118,go to
118,go to
118,go to
118,go to
118,go to
118,go to
118,go to
118,go to
118,go to
118,go to
118,go to
118,go to
118,go to
118,go to
118,go to
118,go to
118,go to
118,go to
118,go to
118,go to
118,go to
118,go to
118,go to
118,go to
118,go to
118,go to
118,go to
119,go to
119,go to
119,go to
119,go to
119,go to
119,go to
119,go to
119,go to
119,go to
119,go to
119,go to
119,go to
119,go to
119,go to
119,go to
119,go to
119,go to
119,go to
119,go to
119,go to
119,go to
119,go to
119,go to
119,go to
119,go to
119,go to
120,go to
120,go to
120,go to
120,go to
120,go to
120,go to
120,go to
120,go to
120,go to
120,go to
120,go to
120,go to
120,go to
120,go to
120,go to
120,go to
120,go to
120,go to
120,go to
120,go to
120,go to
120,go to
120,go to
120,go to
120,go to
120,go to
121,go to
121,go to
121,go to
121,go to
121,go to
121,go to
121,go to
121,go to
121,go to
121,go to
121,go to
121,go to
121,go to
121,go to
121,go to
121,go to
121,go to
121,go to
121,go to
121,go to
121,go to
121,go to
121,go to
121,go to
121,go to
123,hello
123,hello
123,hello
123,hello
123,hello
123,hello
123,hello
123,hello
123,hello
123,hello
123,hello
123,hello
123,hello
123,hello
123,hello
123,hello
123,hello
123,hello
123,hello
123,hello
123,hello
123,hello
123,hello
123,hello
123,hello
123,hello
123,hello
123,hello
125,hello
125,hello
125,hello
125,hello
125,hello
125,hello
125,hello
126,hello
126,hello
126,hello
126,hello
126,hello
126,hello
126,hello
126,hello
126,hello
126,hello
126,hello
126,hello
126,hello
127,hello
127,hello
127,hello
127,hello
127,hello
127,hello
127,hello
127,hello
127,hello
127,hello
127,hello
127,hello
127,hello
128,hello
128,hello
128,hello
128,hello
128,hello
128,hello
128,hello
128,hello
128,hello
128,hello
128,hello
128,hello
129,hello
129,hello
129,hello
129,hello
129,hello
129,hello
130,hello
131,hello
131,hello
131,hello
131,hello
131,hello
131,hello
131,hello
131,hello
131,hello
131,hello
131,hello
131,hello
131,hello
131,hello
131,hello
131,hello
131,hello
131,hello
131,hello
131,hello
131,hello
131,hello
131,hello
131,hello
131,hello
131,hello
133,hello
133,hello
133,hello
133,hello
133,hello
133,hello
133,hello
133,hello
133,hello
133,hello
133,hello
133,hello
133,hello
133,hello
133,hello
133,hello
133,hello
133,hello
133,hello
133,hello
133,hello
133,hello
133,hello
133,hello
133,hello
133,hello
133,hello
133,hello
133,hello
134,hello
134,hello
134,hello
134,hello
134,hello
134,hello
134,hello
134,hello
134,hello
134,hello
134,hello
135,help
135,help
135,help
135,help
135,help
135,help
135,help
135,help
135,help
135,help
135,help
135,help
135,help
135,help
135,help
135,help
135,help
135,help
135,help
135,help
135,help
135,help
135,help
135,help
135,help
135,help
135,help
135,help
135,help
135,help
135,help
135,help
135,help
135,help
135,help
136,help
136,help
136,help
136,help
136,help
137,help
137,help
138,help
138,help
138,help
138,help
138,help
138,help
138,help
138,help
138,help
138,help
139,help
139,help
139,help
139,help
139,help
139,help
140,help
140,help
140,help
140,help
140,help
140,help
140,help
140,help
140,help
142,help
142,help
143,help
143,help
143,help
143,help
143,help
143,help
143,help
143,help
143,help
143,help
143,help
143,help
143,help
143,help
143,help
143,help
143,help
143,help
143,help
143,help
143,help
143,help
143,help
143,help
143,help
143,help
143,help
143,help
143,help
144,help
144,help
144,help
144,help
144,help
144,help
144,help
144,help
144,help
144,help
144,help
144,help
144,help
144,help
144,help
144,help
144,help
144,help
144,help
144,help
144,help
144,help
144,help
144,help
144,help
144,help
144,help
144,help
144,help
144,help
145,help
145,help
146,learn
146,learn
146,learn
146,learn
146,learn
146,learn
146,learn
146,learn
146,learn
146,learn
146,learn
146,learn
146,learn
146,learn
146,learn
146,learn
146,learn
146,learn
146,learn
146,learn
146,learn
146,learn
146,learn
146,learn
146,learn
146,learn
146,learn
146,learn
146,learn
146,learn
146,learn
146,learn
146,learn
146,learn
146,learn
146,learn
147,learn
147,learn
147,learn
147,learn
147,learn
147,learn
147,learn
147,learn
147,learn
147,learn
147,learn
147,learn
148,learn
148,learn
148,learn
148,learn
148,learn
148,learn
148,learn
148,learn
148,learn
148,learn
148,learn
148,learn
148,learn
148,learn
148,learn
148,learn
148,learn
149,learn
149,learn
149,learn
149,learn
149,learn
149,learn
149,learn
149,learn
149,learn
149,learn
150,learn
150,learn
150,learn
150,learn
150,learn
150,learn
150,learn
150,learn
150,learn
150,learn
150,learn
151,learn
151,learn
153,learn
153,learn
153,learn
153,learn
153,learn
153,learn
153,learn
153,learn
153,learn
153,learn
153,learn
153,learn
153,learn
153,learn
153,learn
153,learn
153,learn
153,learn
154,learn
154,learn
154,learn
154,learn
154,learn
154,learn
154,learn
154,learn
154,learn
154,learn
154,learn
154,learn
154,learn
154,learn
154,learn
154,learn
154,learn
154,learn
154,learn
154,learn
154,learn
154,learn
154,learn
154,learn
154,learn
154,learn
154,learn
154,learn
154,learn
154,learn
154,learn
154,learn
154,learn
154,learn
154,learn
154,learn
154,learn
154,learn
154,learn
157,learn
157,learn
157,learn
157,learn
157,learn
157,learn
157,learn
157,learn
157,learn
157,learn
157,learn
157,learn
157,learn
158,learn
158,learn
158,learn
158,learn
158,learn
158,learn
158,learn
158,learn
158,learn
158,learn
158,learn
158,learn
158,learn
158,learn
158,learn
158,learn
158,learn
158,learn
158,learn
158,learn
159,learn
159,learn
159,learn
159,learn
159,learn
159,learn
159,learn
159,learn
159,learn
159,learn
159,learn
159,learn
159,learn
159,learn
159,learn
159,learn
159,learn
159,learn
159,learn
159,learn
159,learn
159,learn
159,learn
159,learn
159,learn
159,learn
160,learn
160,learn
160,learn
160,learn
160,learn
160,learn
160,learn
160,learn
160,learn
160,learn
160,learn
160,learn
160,learn
160,learn
160,learn
160,learn
160,learn
160,learn
160,learn
160,learn
160,learn
160,learn
160,learn
160,learn
160,learn
160,learn
160,learn
160,learn
160,learn
160,learn
160,learn
160,learn
160,learn
160,learn
160,learn
160,learn
160,learn
160,learn
163,like
163,like
163,like
164,like
164,like
164,like
164,like
164,like
164,like
164,like
164,like
164,like
164,like
164,like
164,like
164,like
164,like
164,like
164,like
164,like
164,like
164,like
164,like
164,like
164,like
164,like
165,like
165,like
165,like
165,like
165,like
165,like
165,like
165,like
165,like
165,like
166,like
167,like
167,like
167,like
167,like
167,like
167,like
169,like
169,like
169,like
169,like
169,like
169,like
170,like
170,like
170,like
170,like
171,like
171,like
171,like
171,like
171,like
171,like
171,like
171,like
171,like
171,like
171,like
171,like
171,like
171,like
172,like
172,like
172,like
172,like
172,like
172,like
172,like
172,like
172,like
172,like
172,like
172,like
172,like
172,like
172,like
172,like
172,like
172,like
172,like
172,like
173,like
173,like
173,like
173,like
173,like
173,like
173,like
173,like
173,like
173,like
173,like
173,like
173,like
173,like
173,like
173,like
173,like
173,like
173,like
173,like
173,like
173,like
173,like
173,like
174,like
174,like
174,like
174,like
174,like
174,like
174,like
174,like
174,like
174,like
174,like
174,like
174,like
174,like
174,like
174,like
174,like
174,like
174,like
174,like
174,like
174,like
174,like
174,like
174,like
174,like
174,like
174,like
174,like
174,like
174,like
174,like
174,like
174,like
174,like
174,like
176,me
176,me
176,me
176,me
176,me
176,me
176,me
176,me
176,me
176,me
176,me
176,me
176,me
176,me
176,me
176,me
176,me
176,me
176,me
176,me
176,me
176,me
176,me
176,me
176,me
176,me
176,me
176,me
176,me
176,me
176,me
176,me
176,me
176,me
176,me
176,me
176,me
176,me
176,me
176,me
176,me
176,me
176,me
181,me
181,me
182,me
182,me
182,me
182,me
182,me
182,me
183,me
184,me
184,me
184,me
184,me
184,me
184,me
184,me
184,me
184,me
184,me
184,me
184,me
184,me
184,me
184,me
184,me
184,me
184,me
184,me
184,me
184,me
184,me
184,me
184,me
184,me
184,me
184,me
184,me
184,me
185,me
185,me
185,me
185,me
185,me
185,me
185,me
185,me
185,me
185,me
185,me
185,me
185,me
185,me
185,me
185,me
185,me
185,me
185,me
185,me
185,me
185,me
185,me
185,me
185,me
185,me
185,me
185,me
185,me
185,me
185,me
185,me
185,me
185,me
185,me
185,me
185,me
186,me
186,me
186,me
186,me
186,me
186,me
186,me
186,me
186,me
186,me
186,me
186,me
186,me
186,me
186,me
186,me
186,me
186,me
186,me
186,me
186,me
186,me
186,me
186,me
186,me
186,me
186,me
186,me
186,me
186,me
186,me
186,me
186,me
186,me
186,me
188,milk
188,milk
188,milk
188,milk
188,milk
188,milk
188,milk
188,milk
188,milk
188,milk
188,milk
188,milk
188,milk
188,milk
188,milk
188,milk
188,milk
188,milk
188,milk
188,milk
188,milk
188,milk
188,milk
188,milk
188,milk
188,milk
188,milk
188,milk
188,milk
189,milk
189,milk
189,milk
189,milk
189,milk
189,milk
189,milk
189,milk
189,milk
189,milk
189,milk
189,milk
189,milk
189,milk
189,milk
189,milk
189,milk
189,milk
189,milk
189,milk
189,milk
189,milk
189,milk
189,milk
190,milk
190,milk
190,milk
190,milk
190,milk
190,milk
190,milk
190,milk
190,milk
190,milk
190,milk
190,milk
190,milk
190,milk
190,milk
190,milk
190,milk
192,milk
192,milk
192,milk
192,milk
192,milk
192,milk
192,milk
192,milk
192,milk
192,milk
192,milk
192,milk
192,milk
192,milk
192,milk
192,milk
192,milk
192,milk
192,milk
192,milk
192,milk
192,milk
192,milk
192,milk
192,milk
192,milk
193,milk
193,milk
193,milk
194,milk
194,milk
194,milk
194,milk
194,milk
194,milk
194,milk
194,milk
194,milk
194,milk
194,milk
194,milk
194,milk
195,milk
195,milk
195,milk
195,milk
195,milk
195,milk
195,milk
195,milk
195,milk
195,milk
195,milk
195,milk
195,milk
195,milk
195,milk
195,milk
195,milk
195,milk
195,milk
195,milk
195,milk
196,milk
196,milk
196,milk
196,milk
196,milk
196,milk
196,milk
196,milk
196,milk
196,milk
196,milk
196,milk
196,milk
196,milk
196,milk
196,milk
196,milk
196,milk
196,milk
196,milk
196,milk
196,milk
197,milk
197,milk
197,milk
197,milk
197,milk
197,milk
197,milk
197,milk
197,milk
197,milk
197,milk
197,milk
197,milk
197,milk
197,milk
197,milk
197,milk
197,milk
197,milk
197,milk
197,milk
197,milk
197,milk
197,milk
197,milk
197,milk
197,milk
197,milk
197,milk
197,milk
197,milk
198,milk
198,milk
198,milk
198,milk
198,milk
198,milk
198,milk
198,milk
198,milk
198,milk
198,milk
198,milk
198,milk
198,milk
198,milk
198,milk
198,milk
198,milk
198,milk
198,milk
198,milk
198,milk
198,milk
198,milk
198,milk
198,milk
198,milk
198,milk
198,milk
198,milk
198,milk
198,milk
198,milk
198,milk
198,milk
198,milk
198,milk
198,milk
198,milk
198,milk
199,milk
199,milk
199,milk
199,milk
199,milk
199,milk
199,milk
199,milk
199,milk
199,milk
199,milk
199,milk
199,milk
199,milk
199,milk
199,milk
199,milk
199,milk
199,milk
199,milk
199,milk
200,more
200,more
200,more
200,more
200,more
200,more
200,more
200,more
200,more
200,more
200,more
200,more
200,more
200,more
200,more
200,more
200,more
200,more
200,more
200,more
200,more
200,more
200,more
200,more
200,more
200,more
200,more
200,more
200,more
200,more
200,more
200,more
200,more
200,more
200,more
200,more
200,more
200,more
200,more
200,more
200,more
202,more
202,more
202,more
204,more
204,more
204,more
204,more
204,more
204,more
204,more
204,more
206,more
206,more
206,more
208,more
209,more
209,more
209,more
209,more
209,more
210,more
210,more
210,more
210,more
210,more
210,more
210,more
210,more
210,more
210,more
210,more
210,more
210,more
210,more
210,more
210,more
210,more
210,more
210,more
210,more
210,more
210,more
210,more
210,more
210,more
210,more
210,more
210,more
210,more
210,more
210,more
210,more
210,more
210,more
210,more
210,more
210,more
210,more
210,more
210,more
210,more
211,more
211,more
211,more
211,more
211,more
211,more
211,more
211,more
211,more
211,more
211,more
211,more
211,more
211,more
211,more
211,more
211,more
211,more
211,more
211,more
211,more
211,more
211,more
211,more
211,more
211,more
211,more
211,more
211,more
212,more
212,more
212,more
212,more
212,more
212,more
212,more
212,more
212,more
212,more
212,more
212,more
212,more
212,more
212,more
212,more
212,more
212,more
212,more
212,more
212,more
212,more
212,more
212,more
212,more
212,more
212,more
212,more
212,more
212,more
212,more
212,more
212,more
212,more
212,more
212,more
212,more
212,more
212,more
212,more
212,more
212,more
212,more
212,more
213,more
213,more
213,more
213,more
213,more
213,more
213,more
213,more
213,more
213,more
213,more
213,more
213,more
213,more
213,more
213,more
213,more
213,more
213,more
213,more
213,more
213,more
213,more
213,more
213,more
213,more
213,more
213,more
213,more
213,more
213,more
213,more
213,more
213,more
213,more
214,more
214,more
214,more
214,more
214,more
216,mother
216,mother
216,mother
216,mother
216,mother
216,mother
217,mother
217,mother
217,mother
217,mother
217,mother
217,mother
217,mother
217,mother
217,mother
217,mother
217,mother
217,mother
217,mother
217,mother
218,mother
218,mother
218,mother
218,mother
218,mother
218,mother
218,mother
218,mother
219,mother
219,mother
219,mother
219,mother
219,mother
219,mother
219,mother
220,mother
220,mother
220,mother
220,mother
220,mother
220,mother
220,mother
220,mother
220,mother
220,mother
220,mother
220,mother
220,mother
220,mother
220,mother
221,mother
221,mother
221,mother
221,mother
221,mother
221,mother
221,mother
221,mother
221,mother
221,mother
222,mother
222,mother
222,mother
222,mother
222,mother
222,mother
222,mother
222,mother
222,mother
222,mother
223,mother
223,mother
223,mother
223,mother
223,mother
223,mother
223,mother
223,mother
223,mother
223,mother
223,mother
223,mother
223,mother
223,mother
223,mother
223,mother
223,mother
223,mother
223,mother
223,mother
223,mother
223,mother
223,mother
223,mother
223,mother
223,mother
223,mother
224,mother
224,mother
224,mother
224,mother
224,mother
224,mother
224,mother
224,mother
224,mother
224,mother
225,mother
225,mother
225,mother
225,mother
225,mother
226,mother
226,mother
226,mother
226,mother
226,mother
226,mother
226,mother
227,mother
227,mother
227,mother
227,mother
227,mother
227,mother
228,mother
228,mother
228,mother
228,mother
228,mother
228,mother
228,mother
228,mother
228,mother
228,mother
228,mother
228,mother
228,mother
228,mother
228,mother
228,mother
228,mother
228,mother
228,mother
228,mother
228,mother
228,mother
228,mother
228,mother
228,mother
228,mother
229,mother
229,mother
229,mother
229,mother
229,mother
229,mother
229,mother
229,mother
229,mother
229,mother
229,mother
229,mother
229,mother
229,mother
229,mother
229,mother
229,mother
229,mother
229,mother
229,mother
229,mother
229,mother
229,mother
229,mother
230,mother
230,mother
230,mother
230,mother
230,mother
230,mother
231,no
231,no
231,no
231,no
231,no
231,no
231,no
231,no
231,no
231,no
231,no
231,no
231,no
231,no
231,no
231,no
231,no
231,no
231,no
231,no
231,no
231,no
231,no
231,no
231,no
231,no
232,no
232,no
232,no
232,no
232,no
232,no
232,no
232,no
232,no
232,no
232,no
232,no
232,no
232,no
232,no
232,no
232,no
232,no
232,no
232,no
232,no
232,no
232,no
232,no
232,no
232,no
232,no
232,no
233,no
233,no
233,no
233,no
233,no
233,no
233,no
233,no
233,no
233,no
233,no
233,no
233,no
233,no
233,no
233,no
233,no
233,no
233,no
234,no
234,no
234,no
234,no
234,no
234,no
234,no
234,no
234,no
234,no
234,no
234,no
234,no
234,no
234,no
235,no
235,no
235,no
235,no
235,no
235,no
235,no
235,no
235,no
235,no
235,no
235,no
235,no
235,no
235,no
235,no
235,no
236,no
236,no
236,no
236,no
236,no
236,no
236,no
236,no
236,no
236,no
236,no
236,no
236,no
236,no
236,no
238,no
238,no
238,no
238,no
238,no
238,no
238,no
238,no
238,no
238,no
238,no
238,no
239,no
239,no
239,no
239,no
239,no
239,no
239,no
239,no
239,no
239,no
239,no
239,no
239,no
239,no
239,no
239,no
239,no
240,no
240,no
240,no
240,no
240,no
240,no
240,no
240,no
240,no
240,no
240,no
240,no
240,no
240,no
240,no
240,no
240,no
240,no
240,no
240,no
240,no
240,no
240,no
240,no
240,no
240,no
241,no
241,no
241,no
241,no
241,no
241,no
241,no
241,no
241,no
241,no
241,no
241,no
242,no
242,no
242,no
242,no
242,no
242,no
242,no
242,no
242,no
242,no
242,no
242,no
242,no
242,no
242,no
242,no
242,no
242,no
242,no
242,no
242,no
242,no
242,no
242,no
242,no
242,no
242,no
242,no
242,no
242,no
242,no
242,no
242,no
242,no
242,no
242,no
242,no
242,no
242,no
242,no
242,no
242,no
242,no
243,no
243,no
243,no
243,no
243,no
243,no
243,no
243,no
243,no
243,no
243,no
243,no
243,no
243,no
243,no
243,no
243,no
243,no
243,no
243,no
243,no
243,no
243,no
243,no
243,no
243,no
243,no
243,no
243,no
243,no
243,no
243,no
243,no
243,no
243,no
244,no
244,no
244,no
244,no
244,no
244,no
244,no
244,no
244,no
244,no
244,no
244,no
244,no
244,no
246,please
246,please
246,please
246,please
246,please
246,please
246,please
246,please
247,please
247,please
247,please
247,please
247,please
247,please
247,please
247,please
247,please
247,please
247,please
248,please
248,please
248,please
248,please
248,please
248,please
248,please
248,please
248,please
248,please
248,please
248,please
248,please
248,please
248,please
249,please
249,please
249,please
249,please
249,please
249,please
249,please
249,please
249,please
249,please
249,please
249,please
249,please
249,please
249,please
249,please
249,please
249,please
249,please
249,please
249,please
250,please
250,please
250,please
250,please
250,please
250,please
250,please
250,please
251,please
251,please
251,please
251,please
251,please
251,please
252,please
252,please
252,please
252,please
252,please
252,please
252,please
252,please
252,please
252,please
252,please
252,please
252,please
252,please
252,please
252,please
252,please
252,please
252,please
252,please
252,please
252,please
252,please
252,please
253,please
253,please
253,please
254,please
254,please
254,please
254,please
254,please
254,please
254,please
254,please
254,please
254,please
254,please
254,please
254,please
254,please
254,please
254,please
254,please
255,please
255,please
256,please
256,please
256,please
256,please
256,please
256,please
256,please
256,please
256,please
256,please
256,please
256,please
256,please
256,please
256,please
256,please
256,please
257,please
257,please
257,please
257,please
257,please
257,please
257,please
257,please
257,please
257,please
257,please
257,please
257,please
257,please
257,please
257,please
257,please
257,please
259,please
259,please
259,please
259,please
259,please
259,please
259,please
259,please
259,please
259,please
259,please
259,please
259,please
259,please
259,please
259,please
259,please
259,please
259,please
259,please
259,please
259,please
259,please
260,please
260,please
260,please
260,please
260,please
260,please
260,please
260,please
260,please
260,please
260,please
260,please
260,please
260,please
260,please
260,please
260,please
260,please
260,please
260,please
260,please
260,please
260,please
260,please
260,please
260,please
260,please
260,please
260,please
260,please
260,please
260,please
262,repeat
262,repeat
262,repeat
262,repeat
262,repeat
262,repeat
262,repeat
262,repeat
262,repeat
262,repeat
262,repeat
262,repeat
262,repeat
262,repeat
262,repeat
262,repeat
262,repeat
262,repeat
262,repeat
262,repeat
262,repeat
262,repeat
262,repeat
262,repeat
262,repeat
262,repeat
262,repeat
262,repeat
263,repeat
263,repeat
264,repeat
264,repeat
264,repeat
265,repeat
265,repeat
265,repeat
266,repeat
266,repeat
266,repeat
267,repeat
267,repeat
267,repeat
267,repeat
267,repeat
267,repeat
267,repeat
267,repeat
267,repeat
267,repeat
267,repeat
267,repeat
267,repeat
267,repeat
267,repeat
267,repeat
267,repeat
267,repeat
267,repeat
267,repeat
267,repeat
267,repeat
268,repeat
268,repeat
268,repeat
268,repeat
268,repeat
268,repeat
268,repeat
268,repeat
268,repeat
268,repeat
268,repeat
268,repeat
268,repeat
268,repeat
268,repeat
268,repeat
268,repeat
268,repeat
268,repeat
268,repeat
268,repeat
268,repeat
268,repeat
268,repeat
268,repeat
268,repeat
268,repeat
268,repeat
268,repeat
268,repeat
268,repeat
268,repeat
268,repeat
268,repeat
268,repeat
268,repeat
268,repeat
268,repeat
268,repeat
268,repeat
268,repeat
268,repeat
268,repeat
269,repeat
269,repeat
269,repeat
269,repeat
269,repeat
269,repeat
269,repeat
269,repeat
269,repeat
269,repeat
269,repeat
269,repeat
269,repeat
269,repeat
269,repeat
269,repeat
269,repeat
269,repeat
269,repeat
269,repeat
269,repeat
269,repeat
269,repeat
269,repeat
269,repeat
269,repeat
269,repeat
269,repeat
269,repeat
269,repeat
270,repeat
270,repeat
270,repeat
270,repeat
270,repeat
270,repeat
273,repeat
273,repeat
275,see you later
275,see you later
275,see you later
275,see you later
275,see you later
275,see you later
275,see you later
275,see you later
275,see you later
275,see you later
275,see you later
275,see you later
275,see you later
275,see you later
275,see you later
275,see you later
275,see you later
275,see you later
275,see you later
275,see you later
275,see you later
275,see you later
275,see you later
275,see you later
275,see you later
275,see you later
275,see you later
275,see you later
275,see you later
275,see you later
275,see you later
275,see you later
275,see you later
275,see you later
275,see you later
276,see you later
276,see you later
276,see you later
276,see you later
276,see you later
276,see you later
276,see you later
276,see you later
276,see you later
276,see you later
277,see you later
277,see you later
277,see you later
277,see you later
277,see you later
277,see you later
277,see you later
278,see you later
278,see you later
278,see you later
280,see you later
280,see you later
280,see you later
280,see you later
280,see you later
281,see you later
281,see you later
281,see you later
281,see you later
281,see you later
281,see you later
281,see you later
281,see you later
281,see you later
281,see you later
281,see you later
281,see you later
281,see you later
281,see you later
281,see you later
281,see you later
281,see you later
281,see you later
281,see you later
281,see you later
281,see you later
282,see you later
282,see you later
282,see you later
282,see you later
282,see you later
282,see you later
282,see you later
282,see you later
282,see you later
282,see you later
283,see you later
283,see you later
283,see you later
283,see you later
283,see you later
283,see you later
283,see you later
283,see you later
283,see you later
283,see you later
283,see you later
283,see you later
283,see you later
283,see you later
283,see you later
283,see you later
283,see you later
283,see you later
283,see you later
284,see you later
284,see you later
284,see you later
284,see you later
284,see you later
284,see you later
284,see you later
284,see you later
284,see you later
284,see you later
284,see you later
284,see you later
284,see you later
284,see you later
284,see you later
284,see you later
284,see you later
284,see you later
285,see you later
285,see you later
285,see you later
285,see you later
285,see you later
285,see you later
285,see you later
285,see you later
285,see you later
285,see you later
285,see you later
285,see you later
285,see you later
285,see you later
285,see you later
285,see you later
285,see you later
285,see you later
285,see you later
285,see you later
285,see you later
285,see you later
285,see you later
285,see you later
285,see you later
285,see you later
285,see you later
285,see you later
286,see you later
286,see you later
286,see you later
286,see you later
286,see you later
286,see you later
286,see you later
286,see you later
286,see you later
286,see you later
286,see you later
286,see you later
286,see you later
286,see you later
286,see you later
286,see you later
286,see you later
286,see you later
286,see you later
287,see you later
287,see you later
287,see you later
287,see you later
287,see you later
287,see you later
287,see you later
287,see you later
288,sign
288,sign
288,sign
288,sign
288,sign
288,sign
288,sign
288,sign
288,sign
288,sign
288,sign
288,sign
288,sign
288,sign
288,sign
288,sign
288,sign
288,sign
288,sign
288,sign
288,sign
288,sign
288,sign
289,sign
289,sign
289,sign
289,sign
289,sign
289,sign
289,sign
290,sign
290,sign
290,sign
290,sign
290,sign
290,sign
290,sign
290,sign
290,sign
290,sign
290,sign
290,sign
290,sign
290,sign
290,sign
290,sign
291,sign
291,sign
291,sign
291,sign
291,sign
291,sign
291,sign
291,sign
291,sign
291,sign
292,sign
292,sign
292,sign
292,sign
292,sign
292,sign
292,sign
292,sign
292,sign
292,sign
292,sign
292,sign
292,sign
292,sign
292,sign
293,sign
293,sign
293,sign
293,sign
293,sign
293,sign
294,sign
294,sign
294,sign
294,sign
294,sign
294,sign
294,sign
294,sign
294,sign
294,sign
294,sign
294,sign
294,sign
294,sign
294,sign
294,sign
294,sign
294,sign
295,sign
295,sign
295,sign
295,sign
295,sign
295,sign
296,sign
296,sign
296,sign
296,sign
296,sign
297,sign
297,sign
297,sign
297,sign
297,sign
297,sign
297,sign
297,sign
297,sign
298,sign
298,sign
298,sign
298,sign
298,sign
298,sign
300,sign
300,sign
300,sign
300,sign
300,sign
300,sign
300,sign
300,sign
300,sign
300,sign
300,sign
300,sign
300,sign
300,sign
300,sign
300,sign
300,sign
300,sign
301,sign
301,sign
301,sign
301,sign
301,sign
301,sign
301,sign
301,sign
301,sign
301,sign
301,sign
301,sign
301,sign
301,sign
301,sign
301,sign
301,sign
301,sign
301,sign
301,sign
302,sign
302,sign
302,sign
302,sign
302,sign
302,sign
302,sign
302,sign
302,sign
302,sign
302,sign
302,sign
302,sign
302,sign
302,sign
302,sign
302,sign
303,sign
303,sign
303,sign
303,sign
303,sign
303,sign
303,sign
303,sign
303,sign
303,sign
303,sign
303,sign
303,sign
303,sign
303,sign
303,sign
303,sign
303,sign
303,sign
303,sign
303,sign
303,sign
303,sign
303,sign
303,sign
303,sign
303,sign
303,sign
303,sign
303,sign
303,sign
303,sign
303,sign
303,sign
303,sign
303,sign
303,sign
303,sign
304,sign
304,sign
304,sign
304,sign
304,sign
304,sign
304,sign
304,sign
304,sign
304,sign
304,sign
304,sign
304,sign
304,sign
304,sign
304,sign
304,sign
304,sign
304,sign
304,sign
304,sign
304,sign
304,sign
304,sign
304,sign
304,sign
304,sign
304,sign
304,sign
304,sign
304,sign
304,sign
304,sign
304,sign
304,sign
304,sign
305,sign
305,sign
305,sign
305,sign
305,sign
305,sign
305,sign
305,sign
305,sign
305,sign
305,sign
305,sign
305,sign
305,sign
306,thank you
306,thank you
306,thank you
306,thank you
306,thank you
306,thank you
306,thank you
306,thank you
306,thank you
306,thank you
306,thank you
306,thank you
306,thank you
306,thank you
306,thank you
306,thank you
306,thank you
306,thank you
306,thank you
306,thank you
306,thank you
306,thank you
306,thank you
306,thank you
306,thank you
306,thank you
306,thank you
306,thank you
306,thank you
306,thank you
306,thank you
306,thank you
306,thank you
306,thank you
307,thank you
307,thank you
307,thank you
307,thank you
307,thank you
307,thank you
308,thank you
308,thank you
308,thank you
308,thank you
308,thank you
308,thank you
309,thank you
309,thank you
309,thank you
309,thank you
309,thank you
309,thank you
309,thank you
310,thank you
310,thank you
310,thank you
310,thank you
310,thank you
310,thank you
310,thank you
310,thank you
311,thank you
311,thank you
311,thank you
311,thank you
311,thank you
311,thank you
311,thank you
312,thank you
312,thank you
312,thank you
312,thank you
312,thank you
312,thank you
312,thank you
312,thank you
313,thank you
313,thank you
313,thank you
314,thank you
314,thank you
314,thank you
314,thank you
314,thank you
314,thank you
314,thank you
316,thank you
316,thank you
316,thank you
316,thank you
316,thank you
316,thank you
316,thank you
316,thank you
316,thank you
316,thank you
316,thank you
316,thank you
316,thank you
316,thank you
316,thank you
316,thank you
316,thank you
316,thank you
316,thank you
316,thank you
316,thank you
316,thank you
316,thank you
316,thank you
316,thank you
316,thank you
316,thank you
316,thank you
316,thank you
316,thank you
316,thank you
316,thank you
316,thank you
316,thank you
316,thank you
317,thank you
317,thank you
317,thank you
317,thank you
317,thank you
317,thank you
317,thank you
317,thank you
317,thank you
317,thank you
317,thank you
317,thank you
317,thank you
317,thank you
317,thank you
317,thank you
317,thank you
317,thank you
317,thank you
317,thank you
317,thank you
317,thank you
317,thank you
318,thank you
318,thank you
318,thank you
318,thank you
318,thank you
318,thank you
318,thank you
318,thank you
318,thank you
318,thank you
318,thank you
318,thank you
318,thank you
318,thank you
318,thank you
318,thank you
318,thank you
318,thank you
318,thank you
318,thank you
318,thank you
318,thank you
318,thank you
318,thank you
318,thank you
318,thank you
318,thank you
318,thank you
318,thank you
318,thank you
318,thank you
318,thank you
318,thank you
318,thank you
318,thank you
318,thank you
318,thank you
318,thank you
318,thank you
318,thank you
318,thank you
318,thank you
319,thank you
319,thank you
319,thank you
319,thank you
319,thank you
319,thank you
319,thank you
319,thank you
319,thank you
319,thank you
320,want
320,want
320,want
320,want
320,want
320,want
320,want
320,want
320,want
320,want
320,want
320,want
320,want
320,want
320,want
320,want
320,want
320,want
320,want
320,want
320,want
320,want
320,want
320,want
320,want
320,want
320,want
320,want
320,want
320,want
320,want
320,want
320,want
321,want
323,want
326,want
329,want
329,want
329,want
329,want
329,want
329,want
329,want
329,want
329,want
329,want
329,want
329,want
329,want
329,want
329,want
329,want
329,want
329,want
329,want
329,want
329,want
329,want
329,want
329,want
329,want
329,want
329,want
329,want
329,want
329,want
329,want
330,want
330,want
330,want
330,want
330,want
330,want
330,want
330,want
330,want
330,want
330,want
330,want
330,want
330,want
330,want
330,want
330,want
330,want
330,want
330,want
330,want
330,want
330,want
330,want
330,want
330,want
330,want
330,want
330,want
330,want
330,want
331,want
331,want
331,want
331,want
331,want
331,want
331,want
331,want
331,want
331,want
331,want
331,want
331,want
331,want
331,want
331,want
331,want
331,want
331,want
331,want
331,want
331,want
331,want
331,want
332,want
332,want
332,want
332,want
332,want
332,want
332,want
332,want
332,want
332,want
332,want
332,want
332,want
332,want
332,want
332,want
332,want
332,want
332,want
332,want
332,want
332,want
332,want
332,want
332,want
332,want
332,want
332,want
332,want
332,want
332,want
332,want
332,want
332,want
332,want
333,want
334,what
334,what
334,what
334,what
334,what
334,what
334,what
334,what
334,what
334,what
334,what
334,what
334,what
334,what
334,what
334,what
334,what
334,what
334,what
334,what
334,what
334,what
334,what
334,what
334,what
334,what
334,what
334,what
334,what
334,what
334,what
334,what
334,what
334,what
334,what
334,what
335,what
336,what
337,what
337,what
337,what
339,what
339,what
340,what
340,what
340,what
341,what
341,what
342,what
342,what
342,what
342,what
342,what
342,what
342,what
342,what
342,what
342,what
342,what
342,what
342,what
342,what
342,what
342,what
342,what
342,what
342,what
342,what
342,what
342,what
342,what
342,what
342,what
342,what
343,what
343,what
343,what
343,what
343,what
343,what
343,what
343,what
343,what
343,what
343,what
343,what
343,what
343,what
343,what
343,what
343,what
343,what
343,what
343,what
343,what
343,what
343,what
343,what
343,what
343,what
343,what
343,what
343,what
343,what
343,what
343,what
343,what
343,what
344,what
344,what
344,what
344,what
344,what
344,what
344,what
344,what
344,what
344,what
344,what
344,what
344,what
344,what
344,what
344,what
344,what
344,what
344,what
344,what
344,what
344,what
344,what
344,what
344,what
344,what
344,what
344,what
344,what
344,what
344,what
344,what
344,what
344,what
344,what
345,what
345,what
346,yes
346,yes
346,yes
346,yes
346,yes
346,yes
346,yes
347,yes
347,yes
347,yes
347,yes
347,yes
347,yes
347,yes
347,yes
347,yes
347,yes
347,yes
347,yes
347,yes
347,yes
347,yes
347,yes
347,yes
347,yes
347,yes
347,yes
348,yes
348,yes
348,yes
348,yes
348,yes
348,yes
348,yes
348,yes
348,yes
348,yes
348,yes
348,yes
348,yes
349,yes
349,yes
349,yes
349,yes
349,yes
349,yes
349,yes
349,yes
350,yes
350,yes
350,yes
350,yes
350,yes
350,yes
350,yes
350,yes
350,yes
352,yes
352,yes
352,yes
352,yes
352,yes
352,yes
352,yes
352,yes
352,yes
352,yes
352,yes
352,yes
352,yes
352,yes
352,yes
352,yes
353,yes
353,yes
353,yes
353,yes
353,yes
354,yes
354,yes
354,yes
354,yes
354,yes
354,yes
354,yes
354,yes
354,yes
354,yes
354,yes
354,yes
354,yes
354,yes
354,yes
354,yes
354,yes
354,yes
354,yes
354,yes
354,yes
354,yes
354,yes
354,yes
354,yes
355,yes
355,yes
355,yes
355,yes
355,yes
355,yes
355,yes
355,yes
355,yes
355,yes
355,yes
355,yes
355,yes
355,yes
355,yes
355,yes
355,yes
356,yes
356,yes
356,yes
356,yes
356,yes
356,yes
356,yes
356,yes
356,yes
356,yes
356,yes
356,yes
356,yes
356,yes
356,yes
356,yes
356,yes
356,yes
356,yes
356,yes
356,yes
356,yes
356,yes
356,yes
356,yes
356,yes
357,yes
357,yes
357,yes
357,yes
357,yes
357,yes
357,yes
357,yes
357,yes
357,yes
357,yes
357,yes
357,yes
357,yes
357,yes
357,yes
357,yes
357,yes
357,yes
358,yes
358,yes
358,yes
358,yes
358,yes
358,yes
358,yes
358,yes
358,yes
358,yes
358,yes
358,yes
358,yes
358,yes
358,yes
358,yes
359,yes
359,yes
359,yes
359,yes
359,yes
359,yes
359,yes
359,yes
359,yes
359,yes
359,yes
359,yes
359,yes
359,yes
359,yes
359,yes
359,yes
359,yes
359,yes
359,yes
359,yes
